t_s,rss_kb,phase
0.000,347652,start
0.115,357816,start
0.314,397372,setup
0.571,416232,after_setup
2.137,498724,loop
3.493,548164,loop
3.670,592560,loop
3.820,645360,loop
3.940,685728,loop
4.135,734944,loop
4.283,781408,loop
4.472,836584,loop
4.575,837940,loop
4.676,837940,loop
4.779,837940,loop
4.880,837940,loop
4.982,837940,loop
5.083,837940,loop
5.186,837940,loop
5.287,837940,loop
5.390,837940,loop
5.492,837940,loop
5.593,837940,loop
5.693,837940,loop
5.794,837940,loop
5.895,837940,loop
5.995,837940,loop
6.097,837940,loop
6.197,837940,loop
6.299,837940,loop
6.400,837940,loop
6.501,837940,loop
6.603,837940,loop
6.704,837940,loop
6.804,837940,loop
6.906,837940,loop
7.008,837940,loop
7.110,837940,loop
7.211,837940,loop
7.315,837940,loop
7.419,837940,loop
7.519,837940,loop
7.620,837940,loop
7.721,837940,loop
7.823,837940,loop
7.924,837940,loop
8.027,837940,loop
8.128,837940,loop
8.228,837940,loop
8.330,837940,loop
8.431,837940,loop
8.533,837940,loop
8.634,837940,loop
8.737,837940,loop
8.838,837940,loop
8.940,837940,loop
9.041,837940,loop
9.142,837940,loop
9.243,837940,loop
9.345,837940,loop
9.446,837940,loop
9.547,837940,loop
9.648,837940,loop
9.751,837940,loop
9.852,837940,loop
9.952,837940,loop
10.053,837940,loop
10.155,837940,loop
10.256,837940,loop
10.358,837940,loop
10.460,837940,loop
10.561,837940,loop
10.662,837940,loop
10.763,837940,loop
10.864,837940,loop
10.965,837940,loop
11.066,837940,loop
11.168,837940,loop
11.268,837940,loop
11.369,837940,loop
11.471,837940,loop
11.574,837940,loop
11.675,837940,loop
11.776,837940,loop
11.877,837940,loop
11.978,837940,loop
12.079,837940,loop
12.179,837940,loop
12.280,837940,loop
12.382,837940,loop
12.482,837940,loop
12.583,837940,loop
12.685,837940,loop
12.786,837940,loop
12.886,837940,loop
12.988,837940,loop
13.088,837940,loop
13.189,837940,loop
13.290,837940,loop
13.390,838196,loop
13.493,838196,loop
13.594,838196,loop
13.695,838196,loop
13.797,838196,loop
13.898,838196,loop
14.000,838196,loop
14.102,838196,loop
14.203,838196,loop
14.304,838196,loop
14.405,838196,loop
14.506,838196,loop
14.607,838196,loop
14.708,838196,loop
14.810,838196,loop
14.911,838196,loop
15.014,838196,loop
15.114,838196,loop
15.215,838196,loop
15.318,838196,loop
15.420,838196,loop
15.522,838196,loop
15.623,838196,loop
15.726,838196,loop
15.828,838196,loop
15.928,838196,loop
16.029,838196,loop
16.131,838196,loop
16.232,838196,loop
16.333,838196,loop
16.434,838196,loop
16.534,838196,loop
16.636,838196,loop
16.736,838196,loop
16.838,838196,loop
16.938,838196,loop
17.040,838196,loop
17.142,838196,loop
17.245,838196,loop
17.346,838196,loop
17.448,838196,loop
17.550,838196,loop
17.650,838196,loop
17.752,838196,loop
17.853,838196,loop
17.954,838196,loop
18.057,838196,loop
18.158,838196,loop
18.260,838196,loop
18.363,838196,loop
18.463,838196,loop
18.565,838196,loop
18.665,838196,loop
18.766,838196,loop
18.868,838196,loop
18.969,838196,loop
19.070,838196,loop
19.171,838196,loop
19.273,838196,loop
19.374,838196,loop
19.475,838196,loop
19.576,838196,loop
19.677,838196,loop
19.778,838196,loop
19.880,838196,loop
19.981,838196,loop
20.082,838196,loop
20.184,838196,loop
20.286,838196,loop
20.387,838196,loop
20.489,838196,loop
20.592,838196,loop
20.692,838196,loop
20.793,838196,loop
20.893,838196,loop
20.995,838196,loop
21.095,838196,loop
21.196,838196,loop
21.297,838196,loop
21.398,838196,loop
21.499,838196,loop
21.602,838196,loop
21.702,838196,loop
21.802,838196,loop
21.904,838196,loop
22.004,838196,loop
22.106,838196,loop
22.208,838196,loop
22.309,838196,loop
22.410,838196,loop
22.513,838196,loop
22.613,838196,loop
22.715,838196,loop
22.816,838196,loop
22.919,838196,loop
23.020,838196,loop
23.121,838196,loop
23.222,838196,loop
23.326,838196,loop
23.427,838196,loop
23.527,838196,loop
23.628,838312,loop
23.729,838312,loop
23.831,838312,loop
23.932,838312,loop
24.034,838312,loop
24.137,838312,loop
24.237,838312,loop
24.338,838312,loop
24.440,838312,loop
24.541,838312,loop
24.642,838312,loop
24.742,838312,loop
24.843,838312,loop
24.943,838312,loop
25.046,838312,loop
25.146,838312,loop
25.250,838312,loop
25.350,838312,loop
25.453,838312,loop
25.556,838312,loop
25.657,838312,loop
25.759,838312,loop
25.860,838312,loop
25.962,838312,loop
26.062,838312,loop
26.163,838312,loop
26.263,838312,loop
26.364,838312,loop
26.465,838312,loop
26.565,838312,loop
26.667,838312,loop
26.769,838312,loop
26.870,838312,loop
26.971,838312,loop
27.073,838312,loop
27.174,838312,loop
27.275,838312,loop
27.377,838312,loop
27.481,838312,loop
27.581,838312,loop
27.683,838312,loop
27.784,838312,loop
27.887,838312,loop
27.987,838312,loop
28.087,838312,loop
28.188,838312,loop
28.291,838312,loop
28.393,838312,loop
28.495,838312,loop
28.598,838312,loop
28.698,838312,loop
28.801,838312,loop
28.903,838312,loop
29.004,838312,loop
29.106,838312,loop
29.207,838312,loop
29.308,838312,loop
29.408,838312,loop
29.510,838312,loop
29.612,838312,loop
29.714,838312,loop
29.817,838312,loop
29.917,838312,loop
30.018,838312,loop
30.119,838312,loop
30.220,838312,loop
30.321,838312,loop
30.421,838312,loop
30.521,838312,loop
30.622,838312,loop
30.722,838312,loop
30.823,838312,loop
30.923,838312,loop
31.023,838312,loop
31.124,838312,loop
31.225,838312,loop
31.326,838312,loop
31.427,838312,loop
31.528,838312,loop
31.628,838312,loop
31.728,838312,loop
31.835,838660,loop
31.945,838660,loop
32.055,838660,loop
32.170,838664,loop
32.291,838664,loop
32.401,838664,loop
32.511,838664,loop
32.621,838664,loop
32.731,838664,loop
32.852,838664,loop
32.967,838664,loop
33.077,838664,loop
33.192,838664,loop
33.308,838664,loop
33.423,838664,loop
33.548,838664,loop
33.669,838664,loop
33.784,838664,loop
33.894,839436,loop
34.009,839436,loop
34.125,839436,loop
34.235,839436,loop
34.345,839436,loop
34.460,839436,loop
34.581,839436,loop
34.701,839436,loop
34.826,839436,loop
34.937,839436,loop
35.057,839436,loop
35.172,839436,loop
35.292,839436,loop
35.408,839436,loop
35.528,839436,loop
35.643,839436,loop
35.759,839436,loop
35.879,839436,loop
35.994,839436,loop
36.109,839436,loop
36.220,839436,loop
36.335,839436,loop
36.450,839436,loop
36.560,839436,loop
36.686,839436,loop
36.801,839436,loop
36.921,839436,loop
37.036,839436,loop
37.162,839436,loop
37.272,839436,loop
37.387,839436,loop
37.503,839436,loop
37.623,839436,loop
37.738,839436,loop
37.853,839436,loop
37.969,839436,loop
38.084,839436,loop
38.194,839436,loop
38.304,839436,loop
38.414,839436,loop
38.525,839436,loop
38.640,839436,loop
38.750,839436,loop
38.860,839436,loop
38.976,839436,loop
39.096,839436,loop
39.216,839436,loop
39.332,839436,loop
39.447,839436,loop
39.557,839436,loop
39.672,839436,loop
39.788,839436,loop
39.898,839436,loop
40.013,839436,loop
40.128,839436,loop
40.244,839436,loop
40.364,839436,loop
40.479,839436,loop
40.599,839436,loop
40.720,839436,loop
40.830,839436,loop
40.950,839436,loop
41.066,839436,loop
41.186,839436,loop
41.296,839436,loop
41.411,839436,loop
41.527,839436,loop
41.637,839436,loop
41.757,839436,loop
41.872,839436,loop
41.993,839436,loop
42.108,839436,loop
42.223,839436,loop
42.338,839436,loop
42.454,839436,loop
42.569,839436,loop
42.689,839436,loop
42.885,521520,after_loop
