label,status,schema_version,machine,storage,cache,test,impl,mode,threads,chain,chain_len,tag,input,input_bytes,n_events,n_tracks,wall_setup,wall_warmup,wall_jit,wall_loop,wall_fixed,bytes_setup,bytes_warmup,bytes_jit,bytes_loop,bytes_total,io_rchar_loop,io_read_bytes_loop,peak_rss_kb,rss_baseline_kb,peak_rss_net_kb,time_maxrss_kb,cpu_percent,elapsed_s,cpu_loop,cores_busy_loop,events_per_s,tracks_per_s,event_loops,exit_code,timeout_s,pinned_core,cpus_allowed,os_threads,root_version,uproot_version,node,checksums
warmup_filter_rdf,ok,3,helios,lustre,cold,filter,rdf,vector,0,,,,01472671-4A55-5A4A-B2CE-2C7990D279E3.root,2786044128,2126016,,0.23841760191135108,1.8961407272145152,0.11274113296531141,0.6418040911667049,2.2472994620911777,3917608,1756209,1958804,1430193,9064503,2652698,6242304,513668,349516,164152,515204,95,3.85,0.47272310900000036,0.7365535924532044,3312562.243308885,,,,,,192,2,6.32.10,,x1000c1s4b0n0,"{""events_passed"": 0}"
warmup_chain_rdf-lazy,ok,3,helios,lustre,cold,chain,rdf-lazy,vector,0,base,5,,01472671-4A55-5A4A-B2CE-2C7990D279E3.root,2786044128,2126016,,0.23816090286709368,2.262062428984791,0.11578749003820121,0.97249785088934,2.616010821890086,3917608,6168803,1958804,5554851,17601755,12463789,17518592,527128,349588,177540,528664,94,4.55,0.7173239260000002,0.7376097801594258,2186139.535481522,,1,,,,192,2,6.32.10,,x1000c1s4b0n0,"{""events_passed"": 0, ""intermediate"": null}"
warmup_eff_jit,ok,3,helios,lustre,cold,efficiency,jit,vector,0,,,,01472671-4A55-5A4A-B2CE-2C7990D279E3.root,2786044128,2126016,0,0.567138158949092,2.9557625718880445,0.001503101084381342,0.8152956441044807,3.524403831921518,5876412,10240641,0,7898711,24017453,10662566,14286848,566428,351492,214936,570620,95,5.26,0.6253453030000005,0.7670166123441989,2607662.650197539,,,,,,192,2,6.32.10,,x1000c1s4b0n0,"{""eff_sum"": 0.0, ""eff_hits"": 0}"
r1_strong_chain_rdf-lazy_t1,ok,3,helios,lustre,cold,chain,rdf-lazy,vector,1,base,5,,core.txt,1039215150405,1046083309,,41.64232583809644,2.7187772691249847,0.11351636284962296,512.7583609570283,44.47461947007105,799257891,9496127,1958804,4005583563,4816298074,7312017285,7858511872,622124,349668,272456,622124,82,558.2,415.100697769,0.8095444743099713,2040109.7059588793,,1,,,,192,2,6.32.10,,x1000c1s4b0n0,"{""events_passed"": 24440390, ""intermediate"": null}"
r1_strong_chain_rdf-lazy_t2,ok,3,helios,lustre,cold,chain,rdf-lazy,vector,2,base,5,,core.txt,1039215150405,1046083309,,41.50397076108493,2.714420829899609,0.11363618192262948,258.0958270269912,44.33202777290717,799257891,9496127,1958804,4005583563,4816298074,7312017285,7858511872,699896,349788,350108,699896,152,303.42,418.50507375399997,1.621510423375553,4053081.063145599,,1,,,,192,3,6.32.10,,x1000c1s4b0n0,"{""events_passed"": 24440390, ""intermediate"": null}"
r1_strong_chain_rdf-lazy_t4,ok,3,helios,lustre,cold,chain,rdf-lazy,vector,4,base,5,,core.txt,1039215150405,1046083309,,41.5507491689641,2.725401259958744,0.11290821805596352,130.4514398179017,44.38905864697881,799257891,9496127,1958804,4005583563,4816298074,7312017285,7858511872,841572,349608,491964,841572,264,175.82,421.951115517,3.2345454837907903,8018947.973745915,,1,,,,192,5,6.32.10,,x1000c1s4b0n0,"{""events_passed"": 24440390, ""intermediate"": null}"
r1_strong_chain_rdf-lazy_t8,ok,3,helios,lustre,cold,chain,rdf-lazy,vector,8,base,5,,core.txt,1039215150405,1046083309,,41.50280472217128,2.721044213976711,0.11369158793240786,66.0258761390578,44.337540524080396,799257891,9496127,1958804,4005583563,4816298074,7312017285,7858511872,1095988,349624,746364,1095988,418,111.37,422.296852275,6.395929550190233,15843535.44656996,,1,,,,192,9,6.32.10,,x1000c1s4b0n0,"{""events_passed"": 24440390, ""intermediate"": null}"
r1_strong_chain_rdf-lazy_t16,ok,3,helios,lustre,cold,chain,rdf-lazy,vector,16,base,5,,core.txt,1039215150405,1046083309,,41.546867412980646,2.717713202117011,0.11312430491670966,35.018088633194566,44.37770492001437,799257891,9496127,1958804,4005583563,4816298074,7312017297,7858511872,1586944,349700,1237244,1586944,588,80.42,429.393178083,12.262039272924993,29872655.81389814,,1,,,,192,17,6.32.10,,x1000c1s4b0n0,"{""events_passed"": 24440390, ""intermediate"": null}"
r1_strong_chain_rdf-lazy_t32,ok,3,helios,lustre,cold,chain,rdf-lazy,vector,32,base,5,,core.txt,1039215150405,1046083309,,41.51298609492369,2.7281594269443303,0.11349551100283861,17.91103756404482,44.35464103287086,799257891,9496127,1958804,4005583563,4816298074,7312017268,7858511872,2604104,349748,2254356,2604104,756,63.29,434.79424452599994,24.27521258728303,58404394.79061451,,1,,,,192,33,6.32.10,,x1000c1s4b0n0,"{""events_passed"": 24440390, ""intermediate"": null}"
r1_strong_chain_rdf-lazy_t48,ok,3,helios,lustre,cold,chain,rdf-lazy,vector,48,base,5,,core.txt,1039215150405,1046083309,,41.56451447494328,2.7145423321053386,0.11359989200718701,13.214044193038717,44.392656699055806,799257891,9496127,1958804,4005583563,4816298074,7312017292,7858511872,3561892,349732,3212160,3561892,834,58.67,445.213705489,33.69246378966575,79164508.1337844,,1,,,,192,49,6.32.10,,x1000c1s4b0n0,"{""events_passed"": 24440390, ""intermediate"": null}"
r1_strong_chain_rdf-lazy_t64,ok,3,helios,lustre,cold,chain,rdf-lazy,vector,64,base,5,,core.txt,1039215150405,1046083309,,41.842323146993294,2.7385811950080097,0.11288194009102881,11.111429869895801,44.69378628209233,799257891,9496127,1958804,4005583563,4816298074,7312017300,7858511872,4498896,349896,4149000,4498896,877,56.86,454.39065432300004,40.893985710523246,94144796.95670435,,1,,,,192,65,6.32.10,,x1000c1s4b0n0,"{""events_passed"": 24440390, ""intermediate"": null}"
r1_strong_chain_rdf-lazy_t96,ok,3,helios,lustre,cold,chain,rdf-lazy,vector,96,base,5,,core.txt,1039215150405,1046083309,,41.472358669154346,2.722584665985778,0.11340393195860088,8.98276549600996,44.308347267098725,799257891,9496127,1958804,4226553256,5037267767,7532986987,7858511872,6292308,349656,5942652,6292308,1035,54.41,519.0176151410001,57.77926801846732,116454482.6940721,,1,,,,192,97,6.32.10,,x1000c1s4b0n0,"{""events_passed"": 24440390, ""intermediate"": null}"
r1_strong_chain_rdf-lazy_t128,ok,3,helios,lustre,cold,chain,rdf-lazy,vector,128,base,5,,core.txt,1039215150405,1046083309,,41.45681454078294,2.719152523903176,0.1135279000736773,7.624966805102304,44.2894949647598,799257891,9496127,1958804,4204787663,5015502174,7511221412,7858511872,7815360,351312,7464048,7815360,1076,53.06,526.4207478369999,69.03908715835216,137191850.8943548,,1,,,,192,129,6.32.10,,x1000c1s4b0n0,"{""events_passed"": 24440390, ""intermediate"": null}"
r1_strong_chain_rdf-lazy_t144,ok,3,helios,lustre,cold,chain,rdf-lazy,vector,144,base,5,,core.txt,1039215150405,1046083309,,41.5129506981466,2.723171018064022,0.11394156282767653,7.4829676621593535,44.350063279038295,799257891,9496127,1958804,4417654096,5228368607,7724087801,7858511872,8672952,349696,8323256,8672952,1121,52.99,548.800574728,73.33996343499273,139795246.51562274,,1,,,,192,145,6.32.10,,x1000c1s4b0n0,"{""events_passed"": 24440390, ""intermediate"": null}"
r1_strong_chain_rdf-lazy_t160,ok,3,helios,lustre,cold,chain,rdf-lazy,vector,160,base,5,,core.txt,1039215150405,1046083309,,41.438324477057904,2.761614145943895,0.11368399695493281,7.464911930961534,44.31362261995673,799257891,9496127,1958804,4447109019,5257823530,7753542750,7858511872,9442156,349732,9092424,9442156,1136,52.96,557.2608892000001,74.65069840793431,140133375.80866235,,1,,,,192,161,6.32.10,,x1000c1s4b0n0,"{""events_passed"": 24440390, ""intermediate"": null}"
r1_strong_chain_rdf-lazy_t192,ok,3,helios,lustre,cold,chain,rdf-lazy,vector,192,base,5,,core.txt,1039215150405,1046083309,,41.486253140028566,2.739646339090541,0.11344864196144044,7.807021763175726,44.33934812108055,799257891,9496127,1958804,4578280254,5388994765,7884713947,7858511872,11017300,349716,10667584,11017300,1179,53.39,584.1806039310001,74.82758747855317,133992621.09581672,,1,,,,192,193,6.32.10,,x1000c1s4b0n0,"{""events_passed"": 24440390, ""intermediate"": null}"
